Gene,AAChange,VariantType,Original,Altered,Position,Tag,A,T,C,G,N,pvalue,Measurement,Drug,Concentration
tfaD,R120R,S,G,A,581893,Median_DoublingTime_KAN_8,29,0,0,211,1167,3.74E-04,DoublingTime,KAN,8
gyrA,D87N,N,C,T,2339162,Median_DoublingTime_KAN_8,10,311,996,1,89,5.54E-33,DoublingTime,KAN,8
gyrA,D87Y,N,C,A,2339162,Median_DoublingTime_KAN_8,10,311,996,1,89,5.54E-33,DoublingTime,KAN,8
gyrA,D87H,N,C,G,2339162,Median_DoublingTime_KAN_8,10,311,996,1,89,5.54E-33,DoublingTime,KAN,8
gyrA,S83L,N,G,A,2339173,Median_DoublingTime_KAN_8,435,0,0,879,93,2.25E-34,DoublingTime,KAN,8
ygcR,E206E,S,T,T,2895939,Median_DoublingTime_KAN_8,0,816,0,434,157,6.11E-32,DoublingTime,KAN,8
ytfQ,L295L,S,A,A,4450846,Median_DoublingTime_KAN_8,307,1,0,970,129,5.23E-15,DoublingTime,KAN,8
ytfQ,L295F,N,A,T,4450846,Median_DoublingTime_KAN_8,307,1,0,970,129,5.23E-15,DoublingTime,KAN,8
rlmG,G236G,S,A,G,3235168,Median_DoublingTime_TRIM_0.125,981,0,0,296,130,1.08E-22,DoublingTime,TRIM,0.125
gyrA,S83L,N,G,A,2339173,Median_GrowthYield_CAM_0.5,435,0,0,879,93,1.83E-17,GrowthYield,CAM,0.5
wcaK,F174F,S,A,G,2117883,Median_GrowthYield_CAM_1,1090,0,0,151,166,5.59E-06,GrowthYield,CAM,1
dmsA,G375G,S,T,C,942083,Median_DoublingTime_CTX_2,0,794,475,0,138,6.82E-45,DoublingTime,CTX,2
gfcA,A19A,S,C,T,1049688,Median_DoublingTime_CTX_2,0,10,214,0,1183,5.67E-06,DoublingTime,CTX,2
gmd,P99P,S,T,T,2128018,Median_DoublingTime_CTX_2,1,190,1016,0,200,0.773515945,DoublingTime,CTX,2
gmd,P99P,S,T,A,2128018,Median_DoublingTime_CTX_2,1,190,1016,0,200,0.773515945,DoublingTime,CTX,2
gyrA,S83L,N,G,A,2339173,Median_DoublingTime_CTX_2,435,0,0,879,93,3.84E-68,DoublingTime,CTX,2
arnA,D447D,S,C,C,2369379,Median_DoublingTime_CTX_2,0,433,863,0,111,1.95E-47,DoublingTime,CTX,2
agp,H138H,S,C,T,1065998,Median_GrowthYield_TRIM_0.5,0,74,903,0,430,1.57E-08,GrowthYield,TRIM,0.5
ldtC,L180L,S,A,A,1169836,Median_GrowthYield_TRIM_0.5,10,0,0,1347,50,0.015370201,GrowthYield,TRIM,0.5
gyrA,S83L,N,G,A,2339173,Median_GrowthYield_TRIM_0.5,435,0,0,879,93,2.98E-52,GrowthYield,TRIM,0.5
ybcQ,Q100Q,S,G,A,574255,Median_DoublingTime_CTX_1,56,0,0,512,839,1.18E-08,DoublingTime,CTX,1
gyrA,S83L,N,G,A,2339173,Median_DoublingTime_CTX_1,435,0,0,879,93,6.91E-25,DoublingTime,CTX,1
ulaG,R96R,S,A,A,4419338,Median_DoublingTime_CTX_1,89,0,0,1198,120,7.11E-06,DoublingTime,CTX,1
gyrA,D87N,N,C,T,2339162,Median_DoublingTime_KAN_16,10,311,996,1,89,2.91E-61,DoublingTime,KAN,16
gyrA,D87Y,N,C,A,2339162,Median_DoublingTime_KAN_16,10,311,996,1,89,2.91E-61,DoublingTime,KAN,16
gyrA,D87H,N,C,G,2339162,Median_DoublingTime_KAN_16,10,311,996,1,89,2.91E-61,DoublingTime,KAN,16
ytfQ,L295L,S,A,A,4450846,Median_DoublingTime_KAN_16,307,1,0,970,129,3.20E-16,DoublingTime,KAN,16
ytfQ,L295F,N,A,T,4450846,Median_DoublingTime_KAN_16,307,1,0,970,129,3.20E-16,DoublingTime,KAN,16
yadV,G218G,S,G,G,155548,Median_DoublingTime_CAM_2,41,0,259,703,404,2.38E-09,DoublingTime,CAM,2
yadV,G218G,S,G,A,155548,Median_DoublingTime_CAM_2,41,0,259,703,404,2.38E-09,DoublingTime,CAM,2
wzzB,A236A,S,C,C,2097594,Median_GrowthYield_TET_0.3,10,116,1107,0,174,3.12E-07,GrowthYield,TET,0.3
wzzB,A236A,S,C,A,2097594,Median_GrowthYield_TET_0.3,10,116,1107,0,174,3.12E-07,GrowthYield,TET,0.3
argF,E132E,S,C,T,289910,Median_DoublingTime_TRIM_0.5,0,67,184,0,1156,3.48E-04,DoublingTime,TRIM,0.5
argF,N131D,N,T,C,289915,Median_DoublingTime_TRIM_0.5,0,185,68,0,1154,2.84E-04,DoublingTime,TRIM,0.5
rrrQ,R53R,S,C,G,1639899,Median_DoublingTime_NoAntimicrbial,97,9,523,100,678,6.08E-06,DoublingTime,NoAntimicrbial,NA
rrrQ,R53R,S,C,T,1639899,Median_DoublingTime_NoAntimicrbial,97,9,523,100,678,6.08E-06,DoublingTime,NoAntimicrbial,NA
rrrQ,R53R,S,C,A,1639899,Median_DoublingTime_NoAntimicrbial,97,9,523,100,678,6.08E-06,DoublingTime,NoAntimicrbial,NA
wcaM,K381K,S,T,C,2114754,Median_DoublingTime_NoAntimicrbial,0,1110,96,0,201,0.150475337,DoublingTime,NoAntimicrbial,NA
yghG,P97P,S,C,C,3113187,Median_DoublingTime_NoAntimicrbial,0,560,494,0,353,4.02E-25,DoublingTime,NoAntimicrbial,NA
gnd,L249L,S,C,T,2100522,Median_GrowthYield_NoAntimicrbial,23,6,1245,46,87,2.90E-47,GrowthYield,NoAntimicrbial,NA
gnd,L249L,S,C,G,2100522,Median_GrowthYield_NoAntimicrbial,23,6,1245,46,87,2.90E-47,GrowthYield,NoAntimicrbial,NA
gnd,L249L,S,C,A,2100522,Median_GrowthYield_NoAntimicrbial,23,6,1245,46,87,2.90E-47,GrowthYield,NoAntimicrbial,NA
gnd,T56T,S,C,T,2101101,Median_GrowthYield_NoAntimicrbial,0,49,1257,0,101,1.56E-41,GrowthYield,NoAntimicrbial,NA
aceF,S237S,S,A,G,126405,Median_GrowthYield_CTX_2,1287,0,0,1,119,0.521217544,GrowthYield,CTX,2
mhpR,R140R,S,A,C,368001,Median_GrowthYield_CTX_2,656,0,390,0,361,3.57E-97,GrowthYield,CTX,2
gadB,P155P,S,T,G,1571581,Median_GrowthYield_CTX_2,0,503,11,1,892,0.051203511,GrowthYield,CTX,2
gadB,P155P,S,T,C,1571581,Median_GrowthYield_CTX_2,0,503,11,1,892,0.051203511,GrowthYield,CTX,2
gyrA,S83L,N,G,A,2339173,Median_GrowthYield_CTX_2,435,0,0,879,93,1.69E-159,GrowthYield,CTX,2
Intergenic,Intergenic,Intergenic,Intergenic,T,4540796,Median_GrowthYield_CIP_0.008,6,478,0,664,259,3.45E-15,GrowthYield,CIP,0.008
parC,S80I,N,C,A,3165735,Median_GrowthYield_CTX_2,322,0,999,0,86,6.21E-126,GrowthYield,CTX,2
yghD,S114S,S,C,T,3110785,Median_GrowthYield_KAN_4,169,198,781,0,259,9.31E-07,GrowthYield,KAN,4
yghD,S114S,S,C,A,3110785,Median_GrowthYield_KAN_4,169,198,781,0,259,9.31E-07,GrowthYield,KAN,4
flu,G754G,S,T,G,2073800,Median_GrowthYield_KAN_8,1,908,0,31,467,0.084234033,GrowthYield,KAN,8
flu,G754G,S,T,A,2073800,Median_GrowthYield_KAN_8,1,908,0,31,467,0.084234033,GrowthYield,KAN,8
gyrA,D87N,N,C,T,2339162,Median_GrowthYield_KAN_8,10,311,996,1,89,2.26E-44,GrowthYield,KAN,8
gyrA,D87Y,N,C,A,2339162,Median_GrowthYield_KAN_8,10,311,996,1,89,2.26E-44,GrowthYield,KAN,8
gyrA,D87H,N,C,G,2339162,Median_GrowthYield_KAN_8,10,311,996,1,89,2.26E-44,GrowthYield,KAN,8
ygfK,A896A,S,T,T,3018747,Median_GrowthYield_KAN_8,480,779,0,2,146,4.96E-38,GrowthYield,KAN,8
ygfK,A896A,S,T,G,3018747,Median_GrowthYield_KAN_8,480,779,0,2,146,4.96E-38,GrowthYield,KAN,8
yghD,H28H,S,G,A,3111043,Median_GrowthYield_KAN_8,19,0,0,1218,170,0.001949144,GrowthYield,KAN,8
yghE,R206G,N,G,C,3111373,Median_GrowthYield_KAN_8,75,65,62,991,214,1.85E-14,GrowthYield,KAN,8
yghE,R206R,S,G,T,3111373,Median_GrowthYield_KAN_8,75,65,62,991,214,1.85E-14,GrowthYield,KAN,8
yghE,R206W,N,G,A,3111373,Median_GrowthYield_KAN_8,75,65,62,991,214,1.85E-14,GrowthYield,KAN,8
gyrA,S83L,N,G,A,2339173,Median_DoublingTime_TET_0.3,435,0,0,879,93,2.35E-31,DoublingTime,TET,0.3
gyrA,S83L,N,G,A,2339173,Median_GrowthYield_TET_1.25,435,0,0,879,93,8.94E-33,GrowthYield,TET,1.25
gyrA,S83L,N,G,A,2339173,Median_GrowthYield_CIP_0.004,435,0,0,879,93,4.02E-34,GrowthYield,CIP,0.004
ptrA,D849E,N,A,C,2956338,Median_GrowthYield_CIP_0.004,361,716,178,0,152,8.29E-11,GrowthYield,CIP,0.004
ptrA,D849D,S,A,A,2956338,Median_GrowthYield_CIP_0.004,361,716,178,0,152,8.29E-11,GrowthYield,CIP,0.004
Intergenic,Intergenic,Intergenic,Intergenic,A,4540796,Median_GrowthYield_CIP_0.008,6,478,0,664,259,3.45E-15,GrowthYield,CIP,0.008
gyrA,S83L,N,G,A,2339173,Median_GrowthYield_CIP_0.008,435,0,0,879,93,1.14E-85,GrowthYield,CIP,0.008
parC,S80I,N,C,A,3165735,Median_GrowthYield_CIP_0.008,322,0,999,0,86,1.02E-65,GrowthYield,CIP,0.008
Intergenic,Intergenic,Intergenic,Intergenic,A,4509604,Median_GrowthYield_TRIM_0.25,29,0,2,936,440,1.90E-10,GrowthYield,TRIM,0.25
Intergenic,Intergenic,Intergenic,Intergenic,C,4509604,Median_GrowthYield_TRIM_0.25,29,0,2,936,440,1.90E-10,GrowthYield,TRIM,0.25
ynfR,D16N,N,C,T,1638208,Median_DoublingTime_CTX_0.5,0,4,740,0,663,6.41E-07,DoublingTime,CTX,0.5
gyrA,S83L,N,G,A,2339173,Median_DoublingTime_CTX_0.5,435,0,0,879,93,1.02E-29,DoublingTime,CTX,0.5
ulaG,R96R,S,A,A,4419338,Median_DoublingTime_CTX_0.5,89,0,0,1198,120,1.80E-07,DoublingTime,CTX,0.5
Intergenic,Intergenic,Intergenic,Intergenic,A,2775218,Median_GrowthYield_CTX_2,181,0,57,0,1169,0.039107801,GrowthYield,CTX,2
yghJ,P1395H,N,G,T,3114929,Median_DoublingTime_TET_0.6,0,468,0,330,609,6.53E-12,DoublingTime,TET,0.6
ymfH,P25P,S,G,G,1201308,Median_GrowthYield_TET_0.6,82,0,0,340,985,0.009029488,GrowthYield,TET,0.6
gyrA,S83L,N,G,A,2339173,Median_GrowthYield_TET_0.6,435,0,0,879,93,4.33E-34,GrowthYield,TET,0.6
yghA,P255P,S,G,A,3150426,Median_GrowthYield_TET_0.6,16,0,0,1326,65,7.36E-04,GrowthYield,TET,0.6
agp,S56S,S,G,T,1065752,Median_DoublingTime_TET_1.25,19,65,5,850,468,0.315634682,DoublingTime,TET,1.25
agp,S56S,S,G,A,1065752,Median_DoublingTime_TET_1.25,19,65,5,850,468,0.315634682,DoublingTime,TET,1.25
agp,S56S,S,G,C,1065752,Median_DoublingTime_TET_1.25,19,65,5,850,468,0.315634682,DoublingTime,TET,1.25
gyrA,S83L,N,G,A,2339173,Median_DoublingTime_TET_1.25,435,0,0,879,93,1.19E-61,DoublingTime,TET,1.25
truD,G174G,S,C,A,2870783,Median_DoublingTime_TET_1.25,295,2,385,592,133,6.26E-36,DoublingTime,TET,1.25
truD,G174G,S,C,C,2870783,Median_DoublingTime_TET_1.25,295,2,385,592,133,6.26E-36,DoublingTime,TET,1.25
truD,G174G,S,C,T,2870783,Median_DoublingTime_TET_1.25,295,2,385,592,133,6.26E-36,DoublingTime,TET,1.25
lacZ,R38R,S,A,T,366192,Median_GrowthYield_CAM_2,227,8,0,4,1168,0.059458281,GrowthYield,CAM,2
lacZ,R38R,S,A,G,366192,Median_GrowthYield_CAM_2,227,8,0,4,1168,0.059458281,GrowthYield,CAM,2
gyrA,S83L,N,G,A,2339173,Median_GrowthYield_CAM_2,435,0,0,879,93,7.46E-29,GrowthYield,CAM,2
argF,G170G,S,G,A,289796,Median_GrowthYield_KAN_16,76,0,0,186,1145,1.33E-13,GrowthYield,KAN,16
flu,G754G,S,T,G,2073800,Median_GrowthYield_KAN_16,1,908,0,31,467,0.00985623,GrowthYield,KAN,16
flu,G754G,S,T,A,2073800,Median_GrowthYield_KAN_16,1,908,0,31,467,0.00985623,GrowthYield,KAN,16
yejA,V324V,S,C,C,2273335,Median_GrowthYield_KAN_16,0,9,609,649,140,2.62E-31,GrowthYield,KAN,16
yejA,V324V,S,C,T,2273335,Median_GrowthYield_KAN_16,0,9,609,649,140,2.62E-31,GrowthYield,KAN,16
gyrA,D87N,N,C,T,2339162,Median_GrowthYield_KAN_16,10,311,996,1,89,3.71E-47,GrowthYield,KAN,16
gyrA,D87Y,N,C,A,2339162,Median_GrowthYield_KAN_16,10,311,996,1,89,3.71E-47,GrowthYield,KAN,16
gyrA,D87H,N,C,G,2339162,Median_GrowthYield_KAN_16,10,311,996,1,89,3.71E-47,GrowthYield,KAN,16
gyrA,S83L,N,G,A,2339173,Median_GrowthYield_KAN_16,435,0,0,879,93,2.55E-42,GrowthYield,KAN,16
ygfK,A896A,S,T,T,3018747,Median_GrowthYield_KAN_16,480,779,0,2,146,5.43E-39,GrowthYield,KAN,16
ygfK,A896A,S,T,G,3018747,Median_GrowthYield_KAN_16,480,779,0,2,146,5.43E-39,GrowthYield,KAN,16
yghD,H28H,S,G,A,3111043,Median_GrowthYield_KAN_16,19,0,0,1218,170,6.37E-04,GrowthYield,KAN,16
yghE,G81G,S,G,T,3111746,Median_GrowthYield_KAN_16,69,45,18,1089,186,2.17E-11,GrowthYield,KAN,16
yghE,G81G,S,G,C,3111746,Median_GrowthYield_KAN_16,69,45,18,1089,186,2.17E-11,GrowthYield,KAN,16
yghE,G81G,S,G,A,3111746,Median_GrowthYield_KAN_16,69,45,18,1089,186,2.17E-11,GrowthYield,KAN,16
parC,S80I,N,C,A,3165735,Median_GrowthYield_KAN_16,322,0,999,0,86,1.80E-46,GrowthYield,KAN,16
agp,H84H,S,T,C,1065836,Median_GrowthYield_TRIM_0.25,0,993,2,0,412,0.801853902,GrowthYield,TRIM,0.25
ldtC,L180L,S,A,A,1169836,Median_GrowthYield_TRIM_0.25,10,0,0,1347,50,0.039008351,GrowthYield,TRIM,0.25
gyrA,S83L,N,G,A,2339173,Median_GrowthYield_TRIM_0.25,435,0,0,879,93,1.48E-36,GrowthYield,TRIM,0.25
Intergenic,Intergenic,Intergenic,Intergenic,A,2775218,Median_GrowthYield_CTX_0.5,181,0,57,0,1169,0.01991218,GrowthYield,CTX,0.5
Intergenic,Intergenic,Intergenic,Intergenic,A,2775218,Median_GrowthYield_CTX_1,181,0,57,0,1169,0.017132099,GrowthYield,CTX,1
mhpR,R140R,S,A,C,368001,Median_GrowthYield_CTX_0.5,656,0,390,0,361,5.57E-96,GrowthYield,CTX,0.5
gyrA,S83L,N,G,A,2339173,Median_GrowthYield_CTX_0.5,435,0,0,879,93,6.41E-150,GrowthYield,CTX,0.5
Intergenic,Intergenic,Intergenic,Intergenic,G,575950,Median_DoublingTime_TRIM_0.25,477,20,0,26,884,0.001846128,DoublingTime,TRIM,0.25
parC,S80I,N,C,A,3165735,Median_GrowthYield_CTX_0.5,322,0,999,0,86,1.99E-120,GrowthYield,CTX,0.5
valS,D612D,S,G,G,4482002,Median_GrowthYield_CTX_0.5,564,0,0,698,145,1.17E-40,GrowthYield,CTX,0.5
nanC,A4V,N,G,A,4539491,Median_GrowthYield_CTX_0.5,11,1,0,1270,125,2.89E-05,GrowthYield,CTX,0.5
nanC,A4D,N,G,T,4539491,Median_GrowthYield_CTX_0.5,11,1,0,1270,125,2.89E-05,GrowthYield,CTX,0.5
tsr,V428V,S,G,A,4592940,Median_GrowthYield_CTX_0.5,263,0,0,1034,110,5.78E-10,GrowthYield,CTX,0.5
aceF,S237S,S,A,G,126405,Median_GrowthYield_CTX_1,1287,0,0,1,119,0.757326711,GrowthYield,CTX,1
mhpR,R140R,S,A,C,368001,Median_GrowthYield_CTX_1,656,0,390,0,361,2.92E-97,GrowthYield,CTX,1
flu,V76V,S,C,A,2071766,Median_GrowthYield_CTX_1,19,47,565,0,776,0.164708155,GrowthYield,CTX,1
flu,V76V,S,C,T,2071766,Median_GrowthYield_CTX_1,19,47,565,0,776,0.164708155,GrowthYield,CTX,1
wzxC,A253V,N,G,A,2119401,Median_GrowthYield_CTX_1,5,0,0,1271,131,0.848658999,GrowthYield,CTX,1
gyrA,S83L,N,G,A,2339173,Median_GrowthYield_CTX_1,435,0,0,879,93,6.20E-154,GrowthYield,CTX,1
Intergenic,Intergenic,Intergenic,Intergenic,T,575950,Median_DoublingTime_TRIM_0.25,477,20,0,26,884,0.001846128,DoublingTime,TRIM,0.25
parC,S80I,N,C,A,3165735,Median_GrowthYield_CTX_1,322,0,999,0,86,2.40E-123,GrowthYield,CTX,1
talB,G91G,S,C,T,8510,Median_GrowthYield_TRIM_0.125,0,51,1311,0,45,1.03E-07,GrowthYield,TRIM,0.125
dps,L155L,S,C,T,848447,Median_GrowthYield_TRIM_0.125,0,8,1349,0,50,5.13E-06,GrowthYield,TRIM,0.125
ldtC,L180L,S,A,A,1169836,Median_GrowthYield_TRIM_0.125,10,0,0,1347,50,0.05223581,GrowthYield,TRIM,0.125
hisI,N197N,S,C,T,2097204,Median_GrowthYield_TRIM_0.125,0,9,1182,0,216,0.002497643,GrowthYield,TRIM,0.125
gyrA,S83L,N,G,A,2339173,Median_GrowthYield_TRIM_0.125,435,0,0,879,93,1.08E-48,GrowthYield,TRIM,0.125
Intergenic,Intergenic,Intergenic,Intergenic,A,344053,Median_DoublingTime_TET_0.6,17,0,0,980,410,0.146643727,DoublingTime,TET,0.6
Intergenic,Intergenic,Intergenic,Intergenic,T,146847,Median_GrowthYield_CIP_0.008,893,392,0,0,122,9.48E-16,GrowthYield,CIP,0.008
ybhH,T177T,S,T,T,801289,Median_DoublingTime_TRIM_0.25,23,704,0,559,121,1.18E-24,DoublingTime,TRIM,0.25
ybhH,T177T,S,T,A,801289,Median_DoublingTime_TRIM_0.25,23,704,0,559,121,1.18E-24,DoublingTime,TRIM,0.25
ydfW,K48I,N,T,A,1647181,Median_DoublingTime_TRIM_0.25,24,370,0,0,1013,6.34E-06,DoublingTime,TRIM,0.25
gyrA,S83L,N,G,A,2339173,Median_DoublingTime_TRIM_0.25,435,0,0,879,93,7.92E-35,DoublingTime,TRIM,0.25
yjgX,V46I,N,C,T,4500656,Median_DoublingTime_TRIM_0.25,0,9,632,0,766,0.019921482,DoublingTime,TRIM,0.25